{"tsne_train_data": {"C_COLLINS_0": [10.258130073547363, -0.8261843323707581], "K_MCDONALD_0": [-10.543813705444336, -1.6784214973449707], "J_DIZON_0": [0.5563313364982605, -4.814152240753174], "K_SCHMIDT_0": [13.39909839630127, 4.5213847160339355], "Y_SENAT_0": [-10.850293159484863, -3.460766315460205], "D_MCGRATH_0": [3.502962350845337, 0.7997502088546753], "Y_HAN_0": [10.467489242553711, 2.732257127761841], "L_BEAUSOLEIL_0": [-9.107531547546387, -4.789657115936279], "E_SELLS_0": [-0.4451614022254944, 7.066894054412842], "R_KIM_0": [-7.016861438751221, -3.503631353378296], "A_BECK_0": [1.7210785150527954, 3.299774169921875], "A_MENDOZA_CARDONA_0": [12.282397270202637, -6.727697372436523], "G_PINNERE_0": [-1.2692519426345825, 2.725369930267334], "G_FENG_0": [-3.266012668609619, -7.491766452789307], "J_HYONG_0": [-3.9422037601470947, -1.0112804174423218], "C_NELSON_0": [-6.032644271850586, -1.906829595565796], "H_THURMOND_0": [8.393290519714355, -3.239027500152588], "A_GODY_0": [11.469922065734863, 0.1192527711391449], "K_HORDE_0": [-7.186795234680176, 7.968789577484131], "D_SAVAGE_0": [-2.079461097717285, -8.401147842407227], "H_BROZA_0": [5.774326801300049, -4.666401386260986], "D_POUESI_0": [-7.202608585357666, 4.160292625427246], "E_ROACH_0": [5.088444232940674, -0.9393125176429749], "G_UTNEHMER_0": [13.911269187927246, -0.7218422293663025], "P_ALBRECHTSEN_0": [4.337702751159668, -4.3146185874938965], "A_VILLANUEVA_0": [-3.2401227951049805, 8.713468551635742], "J_ADES_0": [6.6722564697265625, 4.239591598510742], "J_STRUCK_0": [1.8212660551071167, 8.502534866333008], "S_MREHIN_0": [13.389973640441895, -4.922943592071533], "G_ORLOVSKY_0": [-6.839778900146484, 3.0667669773101807], "B_BARTH_0": [-8.796574592590332, 1.4026365280151367], "M_SILVERSTEN_0": [-5.034916400909424, -1.8037351369857788], "E_VAN_ZANDT_0": [9.949703216552734, 4.133460998535156], "J_MURILLO_0": [14.862833023071289, 7.096057891845703], "B_WILLIAMS_0": [3.7155332565307617, -9.183279037475586], "J_LAM_0": [-5.739511013031006, -5.282526969909668], "D_COLVIN_0": [1.4291960000991821, -1.0788944959640503], "M_FINKELSTEIN_0": [-5.6854705810546875, -8.92452335357666], "G_FARBER_Neutral_1_beard_0": [4.805235862731934, 1.4596141576766968], "C_TABATABAI_0": [8.026721954345703, 10.936314582824707], "A_ARAKELYAN_0": [9.006682395935059, 9.258212089538574], "D_LORE_0": [16.562755584716797, 4.519020080566406], "P_STARCHER_0": [9.075882911682129, -5.123133659362793], "J_RODRIGUEZ_0": [11.694345474243164, 2.410153388977051], "C_BALTHAZAR_0": [-0.06553701311349869, 8.274452209472656], "E_KNIGHT_0": [8.472521781921387, 1.3075807094573975], "J_CHEW_0": [10.3552827835083, 6.709546089172363], "P_Grier_0": [-0.050686005502939224, -1.232027530670166], "J_NONAMEGIVEN_0": [-4.198886394500732, -5.41689920425415], "A_RAMOS_0": [-0.569702684879303, -0.9543811082839966], "V_RESHETNIAK_0": [11.51599407196045, 9.325974464416504], "T_LASTER_0": [-2.9571545124053955, 11.955344200134277], "C_MEKERTICHYAN_0": [-6.63303279876709, -0.057995401322841644], "A_MCWHORTER_0": [13.263995170593262, 5.139825344085693], "BASE_NEUTRAL_Mesh_Mesh_0": [11.15326976776123, 5.771235942840576], "J_GLASTONBURY_0": [9.877449035644531, 11.647682189941406], "J_YEH_0": [12.88450813293457, -4.571253776550293], "A_NAVARRO_0": [-0.48924383521080017, -10.099542617797852], "M_YURTERI_0": [4.27012300491333, 4.950421333312988], "G_BRAMBLE_0": [5.847274303436279, -6.926233768463135], "N_NGUYEN_0": [-4.776522159576416, 0.023392032831907272], "D_WILSON_0": [7.825969696044922, -3.8630051612854004], "J_ALLEN_0": [-1.0528367757797241, 9.086434364318848], "M_LAM_0": [-10.410393714904785, 4.2067413330078125], "J_SHINDEL_0": [3.1424734592437744, 9.709527969360352], "F_ROVAZZI_0": [-1.2854958772659302, 9.25627613067627], "L_BASTANCHURY_0": [0.3294268548488617, -6.683294773101807], "A_DUNN_0": [-5.839073657989502, 6.153641223907471], "C_SAWA_0": [-6.09165620803833, -6.349438667297363], "S_CONNELL_0": [-5.244054794311523, -11.642370223999023], "C_BARKLEY_ROMERO_0": [7.756865978240967, -11.276999473571777], "H_ALEXANDER_0": [7.5685601234436035, 2.6204776763916016], "E_ANISIMOVA_0": [7.179819107055664, 1.91606867313385], "A_BRISTOW_0": [-6.165280818939209, -11.526451110839844], "C_BRUNER_0": [7.191904544830322, 12.143036842346191], "A_NICOL_0": [-2.7317800521850586, -3.005664587020874], "C_ALICEA_0": [4.123655319213867, -5.832521915435791], "J_COLUCCIO_0": [4.001286029815674, 11.343809127807617], "J_KING_0": [4.47057580947876, -2.354966878890991], "A_LAUER_0": [9.656118392944336, 6.844930171966553], "F_ROSAS_0": [10.063085556030273, 8.275651931762695], "J_JIMENEZ_0": [3.495004415512085, 3.4577691555023193], "C_YOO_0": [-5.624166011810303, -3.917595386505127], "B_KARGORGIS_FACIALHAIR_0": [2.477382183074951, 4.997330188751221], "I_ANDROSOV_0": [0.6324549913406372, 5.995635986328125], "C_ABELLO_0": [0.6196379661560059, -6.8716349601745605], "R_ROZMIAREK_0": [-1.8393363952636719, 6.1036553382873535], "D_LOVE_0": [5.4380011558532715, -7.1567182540893555], "E_YUNG_0": [-1.8800787925720215, -6.247042179107666], "M_TABASSOMI_0": [-4.317948818206787, 2.401437997817993], "G_HAGMAIER_0": [-6.616077899932861, 2.096389055252075], "A_ADUMER_0": [1.2513242959976196, -9.477651596069336], "S_FORTINO_0": [10.138755798339844, 12.083250045776367], "V_BOBADILLA_0": [15.661209106445312, 0.22003629803657532], "V_ORLANDI_0": [3.6047310829162598, 8.244365692138672], "C_TAYLOR_0": [0.5081058144569397, 5.118685245513916], "P_BRANSON_0": [5.081405162811279, 6.429920196533203], "B_KARGORGIS_0": [2.3870177268981934, 4.969552040100098], "A_BROWN_0": [-6.358864784240723, 7.7222676277160645], "C_PETERSON_0": [2.6376757621765137, -13.648750305175781], "A_MERANI_0": [8.121822357177734, -0.9114108681678772], "H_BANSAL_0": [0.7970008254051208, 9.471664428710938], "B_FAUSTO_0": [-0.707727313041687, -11.508899688720703], "M_VALDEZ_0": [13.206238746643066, -3.117213726043701], "A_ZEDRA_NEUTRAL_EYESOPEN-12_0": [1.3086044788360596, -3.436415672302246], "D_CHOE_0": [-0.6627546548843384, -2.740607500076294], "M_REIDY_0": [4.375516891479492, 9.417404174804688], "J_FAHSELT_0": [6.725169658660889, -1.9520602226257324], "B_SLOANE_0": [6.925134181976318, 14.688567161560059], "T_PETE_0": [-2.0326244831085205, 0.11957967281341553], "H_SADLER_0": [6.032206058502197, 6.065435886383057], "E_ELLIOT_0": [3.969566583633423, 15.467439651489258], "R_REYES_0": [3.4902150630950928, -4.5738420486450195], "G_WELDIN_0": [8.752254486083984, 8.660208702087402], "B_KENT_0": [12.450526237487793, -4.499318599700928], "D_WILLIAMS_0": [3.6715409755706787, 2.8034169673919678], "A_TURNAGE_0": [9.136480331420898, -7.382930278778076], "J_TANNER_0": [10.898253440856934, -2.5819196701049805], "B_ROBINSON_0": [3.77268385887146, 12.926230430603027], "C_WHANG_0": [-8.559100151062012, -5.228616237640381], "I_ABBIT_0": [-1.3490185737609863, -11.885204315185547], "D_CUETO_0": [4.902156352996826, 11.971858978271484], "K_BOCKRATH_0": [8.906123161315918, -8.873857498168945], "A_COLINDRES_0": [-0.6825010776519775, -9.023935317993164], "J_HAGHIGHI_0": [4.922060966491699, -3.493873357772827], "A_HABHAB_0": [8.233281135559082, 4.318611145019531], "J_MYERS_0": [-0.01843380369246006, -4.912708759307861], "A_CHOUDHARY_0": [6.3133158683776855, 3.0914580821990967], "C_BENYA_0": [-2.199995756149292, -2.1884522438049316], "C_LEIGH_0": [1.1439205408096313, 8.095254898071289], "K_WINNICK_0": [1.9960402250289917, 8.088784217834473], "A_ARCARO_0": [14.126077651977539, 7.118480205535889], "J_HERNARNDEZ_0": [5.6489691734313965, -9.397608757019043], "P_GOMEZ_0": [-9.024007797241211, -9.404814720153809], "D_HUNT_0": [-2.673187017440796, 3.6513655185699463], "B_PARK_0": [-9.58664321899414, 5.409450054168701], "B_NABIPOUR_0": [0.5255135297775269, 13.91773509979248], "M_CROMWELL_0": [-1.3134124279022217, -11.703046798706055], "J_KROTTY_0": [1.5931323766708374, 11.823884963989258], "P_BOEHMER_0": [0.16282382607460022, 11.67660140991211],